GID,Username
GAR0001,USER0020
GAR0002,USER0087
GAR0003,USER0021
GAR0004,USER0056
GAR0005,USER0087
GAR0006,USER0043
GAR0006,USER0032
GAR0007,USER0008
GAR0008,USER0076
GAR0008,USER0099
GAR0008,USER0047
GAR0008,USER0042
GAR0009,USER0098
GAR0009,USER0025
GAR0010,USER0050
GAR0011,USER0085
GAR0011,USER0028
GAR0012,USER0003
GAR0012,USER0051
GAR0013,USER0058
GAR0014,USER0044
GAR0015,USER0023
GAR0016,USER0097
GAR0017,USER0074
GAR0018,USER0018
GAR0019,USER0081
GAR0020,USER0039
GAR0021,USER0023
GAR0021,USER0035
GAR0022,USER0083
GAR0023,USER0073
GAR0024,USER0014
GAR0025,USER0039
GAR0025,USER0029
GAR0026,USER0066
GAR0027,USER0066
GAR0028,USER0073
GAR0029,USER0037
GAR0030,USER0054
GAR0031,USER0084
GAR0032,USER0009
GAR0032,USER0031
GAR0032,USER0011
GAR0032,USER0078
GAR0033,USER0051
GAR0034,USER0013
GAR0034,USER0077
GAR0034,USER0065
GAR0034,USER0059
GAR0035,USER0006
GAR0036,USER0028
GAR0036,USER0064
GAR0037,USER0029
GAR0038,USER0032
GAR0039,USER0088
GAR0040,USER0073
GAR0040,USER0061
GAR0041,USER0047
GAR0042,USER0003
GAR0043,USER0096
GAR0044,USER0072
GAR0045,USER0021
GAR0046,USER0073
GAR0047,USER0066
GAR0047,USER0033
GAR0048,USER0041
GAR0049,USER0051
GAR0050,USER0036
GAR0051,USER0084
GAR0052,USER0057
GAR0052,USER0045
GAR0053,USER0054
GAR0054,USER0100
GAR0054,USER0070
GAR0055,USER0068
GAR0056,USER0023
GAR0057,USER0043
GAR0057,USER0072
GAR0058,USER0069
GAR0058,USER0028
GAR0059,USER0055
GAR0060,USER0001
GAR0061,USER0038
GAR0062,USER0091
GAR0063,USER0094
GAR0064,USER0036
GAR0065,USER0018
GAR0066,USER0013
GAR0067,USER0051
GAR0067,USER0001
GAR0068,USER0078
GAR0068,USER0097
GAR0069,USER0047
GAR0070,USER0075
GAR0071,USER0094
GAR0071,USER0080
GAR0072,USER0074
GAR0072,USER0066
GAR0073,USER0091
GAR0073,USER0063
GAR0074,USER0018
GAR0074,USER0020
GAR0075,USER0067
GAR0076,USER0006
GAR0077,USER0081
GAR0078,USER0040
GAR0078,USER0003
GAR0079,USER0029
GAR0080,USER0053
GAR0081,USER0087
GAR0081,USER0014
GAR0082,USER0088
GAR0083,USER0097
GAR0084,USER0078
GAR0084,USER0003
GAR0084,USER0045
GAR0085,USER0069
GAR0086,USER0016
GAR0087,USER0046
GAR0087,USER0095
GAR0088,USER0065
GAR0089,USER0075
GAR0090,USER0045
GAR0091,USER0020
GAR0092,USER0097
GAR0093,USER0051
GAR0093,USER0043
GAR0093,USER0075
GAR0094,USER0024
GAR0095,USER0004
GAR0095,USER0020
GAR0096,USER0065
GAR0097,USER0059
GAR0098,USER0085
GAR0099,USER0026
GAR0099,USER0092
GAR0099,USER0064
GAR0100,USER0010
GAR0101,USER0073
GAR0101,USER0069
GAR0101,USER0054
GAR0102,USER0089
GAR0102,USER0057
GAR0102,USER0043
GAR0102,USER0050
GAR0103,USER0071
GAR0103,USER0035
GAR0104,USER0002
GAR0105,USER0004
GAR0105,USER0062
GAR0106,USER0087
GAR0107,USER0091
GAR0108,USER0024
GAR0109,USER0042
GAR0110,USER0094
GAR0111,USER0011
GAR0112,USER0061
GAR0112,USER0045
GAR0113,USER0033
GAR0114,USER0015
GAR0115,USER0059
GAR0116,USER0071
GAR0117,USER0099
GAR0118,USER0017
GAR0119,USER0084
GAR0119,USER0083
GAR0120,USER0066
GAR0121,USER0076
GAR0122,USER0050
GAR0122,USER0016
GAR0123,USER0097
GAR0124,USER0011
GAR0125,USER0016
GAR0125,USER0029
GAR0126,USER0084
GAR0126,USER0010
GAR0127,USER0004
GAR0128,USER0076
GAR0129,USER0081
GAR0130,USER0026
GAR0131,USER0038
GAR0132,USER0044
GAR0133,USER0026
GAR0134,USER0024
GAR0135,USER0067
GAR0136,USER0098
GAR0137,USER0086
GAR0138,USER0029
GAR0139,USER0074
GAR0140,USER0010
GAR0141,USER0018
GAR0142,USER0066
GAR0143,USER0034
GAR0143,USER0035
GAR0144,USER0047
GAR0145,USER0019
GAR0146,USER0084
GAR0147,USER0004
GAR0148,USER0088
GAR0149,USER0076
GAR0150,USER0078
GAR0150,USER0041
GAR0150,USER0038
GAR0151,USER0069
GAR0152,USER0094
GAR0153,USER0096
GAR0154,USER0020
GAR0154,USER0075
GAR0155,USER0058
GAR0155,USER0048
GAR0156,USER0074
GAR0156,USER0006
GAR0157,USER0089
GAR0158,USER0020
GAR0159,USER0071
GAR0160,USER0087
GAR0160,USER0054
GAR0160,USER0024
GAR0161,USER0028
GAR0162,USER0049
GAR0163,USER0059
GAR0164,USER0064
GAR0165,USER0029
GAR0166,USER0092
GAR0167,USER0099
GAR0168,USER0012
GAR0169,USER0071
GAR0170,USER0085
GAR0171,USER0007
GAR0172,USER0040
GAR0173,USER0083
GAR0174,USER0078
GAR0175,USER0093
GAR0176,USER0019
GAR0177,USER0100
GAR0178,USER0039
GAR0179,USER0011
GAR0179,USER0026
GAR0180,USER0100
GAR0181,USER0030
GAR0182,USER0100
GAR0183,USER0020
GAR0183,USER0088
GAR0184,USER0020
GAR0185,USER0079
GAR0185,USER0093
GAR0186,USER0044
GAR0187,USER0024
GAR0188,USER0039
GAR0189,USER0088
GAR0190,USER0030
GAR0191,USER0095
GAR0192,USER0065
GAR0193,USER0065
GAR0194,USER0053
GAR0195,USER0097
GAR0195,USER0045
GAR0196,USER0030
GAR0196,USER0032
GAR0196,USER0098
GAR0197,USER0045
GAR0197,USER0061
GAR0198,USER0056
GAR0199,USER0022
GAR0199,USER0043
GAR0200,USER0054
GAR0200,USER0036
GAR0201,USER0021
GAR0202,USER0060
GAR0203,USER0092
GAR0204,USER0094
GAR0205,USER0070
GAR0206,USER0039
GAR0206,USER0096
GAR0207,USER0093
GAR0208,USER0002
GAR0209,USER0087
GAR0209,USER0020
GAR0210,USER0087
GAR0211,USER0062
GAR0211,USER0042
GAR0212,USER0004
GAR0213,USER0016
GAR0213,USER0029
GAR0214,USER0020
GAR0215,USER0047
GAR0216,USER0029
GAR0217,USER0018
GAR0218,USER0032
GAR0219,USER0057
GAR0219,USER0091
GAR0219,USER0069
GAR0219,USER0092
GAR0219,USER0004
GAR0220,USER0010
GAR0221,USER0014
GAR0222,USER0055
GAR0222,USER0060
GAR0223,USER0014
GAR0224,USER0020
GAR0224,USER0081
GAR0225,USER0052
GAR0226,USER0015
GAR0227,USER0059
GAR0228,USER0006
GAR0229,USER0008
GAR0230,USER0061
GAR0231,USER0096
GAR0232,USER0029
GAR0232,USER0098
GAR0232,USER0096
GAR0233,USER0011
GAR0234,USER0072
GAR0235,USER0008
GAR0236,USER0078
GAR0237,USER0089
GAR0237,USER0011
GAR0238,USER0050
GAR0239,USER0040
GAR0240,USER0059
GAR0241,USER0085
GAR0242,USER0041
GAR0243,USER0034
GAR0244,USER0084
GAR0245,USER0082
GAR0245,USER0100
GAR0245,USER0038
GAR0246,USER0042
GAR0247,USER0065
GAR0247,USER0052
GAR0248,USER0090
GAR0249,USER0010
GAR0249,USER0095
GAR0250,USER0018
GAR0251,USER0098
GAR0252,USER0047
GAR0253,USER0031
GAR0253,USER0034
GAR0254,USER0056
GAR0255,USER0024
GAR0256,USER0071
GAR0256,USER0013
GAR0257,USER0065
GAR0258,USER0031
GAR0259,USER0055
GAR0259,USER0075
GAR0260,USER0047
GAR0261,USER0089
GAR0262,USER0022
GAR0262,USER0070
GAR0262,USER0046
GAR0263,USER0081
GAR0264,USER0087
GAR0264,USER0010
GAR0265,USER0057
GAR0266,USER0066
GAR0267,USER0085
GAR0268,USER0062
GAR0269,USER0044
GAR0270,USER0031
GAR0271,USER0057
GAR0271,USER0085
GAR0272,USER0057
GAR0273,USER0051
GAR0273,USER0024
GAR0274,USER0052
GAR0275,USER0062
GAR0276,USER0077
GAR0277,USER0092
GAR0278,USER0040
GAR0278,USER0078
GAR0278,USER0038
GAR0279,USER0055
GAR0279,USER0041
GAR0280,USER0008
GAR0281,USER0028
GAR0282,USER0006
GAR0283,USER0076
GAR0283,USER0081
GAR0284,USER0068
GAR0285,USER0092
GAR0286,USER0070
GAR0287,USER0058
GAR0288,USER0020
GAR0289,USER0066
GAR0289,USER0041
GAR0290,USER0072
GAR0291,USER0054
GAR0292,USER0088
GAR0292,USER0094
GAR0293,USER0028
GAR0294,USER0050
GAR0294,USER0042
GAR0294,USER0010
GAR0295,USER0044
GAR0296,USER0045
GAR0297,USER0061
GAR0298,USER0058
GAR0299,USER0010
GAR0299,USER0024
GAR0300,USER0097
